fullname,drivernumber,driverId,teamName,Left Pose Image URL,Right Pose Image URL
Lando Norris,4,NOR,McLaren,https://i.im.ge/2025/08/21/JJMCkW.Norris-L.jpeg,https://i.im.ge/2025/08/21/JJQMzY.Norris-L.jpeg
Max Verstappen,1,VER,Red Bull Racing,https://i.im.ge/2025/08/21/JJMyqm.Max-V.jpeg,https://i.im.ge/2025/08/21/JJMGsh.Max-V.jpeg
George Russell,63,RUS,Mercedes,https://i.im.ge/2025/08/21/JJM99C.George-R.jpeg,https://i.im.ge/2025/08/21/JJMzj6.George-R.jpeg
Andrea Kimi Antonelli,12,ANT,Mercedes,https://i.im.ge/2025/08/21/JJMwQp.Kimi-An.jpeg,https://i.im.ge/2025/08/21/JJMvTK.Kimi-An.jpeg
Alexander Albon,23,ALB,Williams,https://i.im.ge/2025/08/21/JJMhPY.Alex-A.jpeg,https://i.im.ge/2025/08/21/JJMgLG.Alex-A.jpeg
Lance Stroll,18,STR,Aston Martin,https://i.im.ge/2025/08/21/JJM6LP.Lance-Stroll.jpeg,https://i.im.ge/2025/08/21/JJMJU9.Lance-Stroll.jpeg
Nico Hulkenberg,27,HUL,Kick Sauber,https://i.im.ge/2025/08/21/JJMAtr.Nico-H.jpeg,https://i.im.ge/2025/08/21/JJMeyM.Nico-H.jpeg
Charles Leclerc,16,LEC,Ferrari,https://i.im.ge/2025/08/21/JJMInh.Charles-L.jpeg,https://i.im.ge/2025/08/21/JJMKty.Charles-L.jpeg
Oscar Piastri,81,PIA,McLaren,https://i.im.ge/2025/08/21/JJM3jT.Oscar-P.jpeg,https://i.im.ge/2025/08/21/JJQoj4.Oscar-P.jpeg
Lewis Hamilton,44,HAM,Ferrari,https://i.im.ge/2025/08/21/JJMN31.Lewis-Ham.jpeg,https://i.im.ge/2025/08/21/JJMnYX.Lewis-Ham.jpeg
Pierre Gasly,10,GAS,Alpine,https://i.im.ge/2025/08/21/JJMYRc.P-Gasly.jpeg,https://i.im.ge/2025/08/21/JJQXWC.P-Gasly.jpeg
Yuki Tsunoda,22,TSU,Racing Bulls,https://i.im.ge/2025/08/21/JJMcTL.Yuki-T.jpeg,https://i.im.ge/2025/08/21/JJQroq.Yuki-T.jpeg
Esteban Ocon,31,OCO,Haas F1 Team,https://i.im.ge/2025/08/21/JJMDx8.Esteban-O.jpeg,https://i.im.ge/2025/08/21/JJMZqJ.Esteban-O.jpeg
Oliver Bearman,87,BEA,Haas F1 Team,https://i.im.ge/2025/08/21/JJMxF0.Oli-B.jpeg,https://i.im.ge/2025/08/21/JJQTOD.Oli-B.jpeg
Liam Lawson,30,LAW,Red Bull Racing,https://i.im.ge/2025/08/21/JJMPnf.Liam-L.jpeg,https://i.im.ge/2025/08/21/JJM448.Liam-L.jpeg
Gabriel Bortoleto,5,BOR,Kick Sauber,https://i.im.ge/2025/08/21/JJM5u4.Gabriel-B.jpeg,https://i.im.ge/2025/08/21/JJMkFz.Gabriel-B.jpeg
Fernando Alonso,14,ALO,Aston Martin,https://i.im.ge/2025/08/21/JJM7LX.Fernando-A.jpeg,https://i.im.ge/2025/08/21/JJMR4a.Fernando-A.jpeg
Carlos Sainz,55,SAI,Williams,https://i.im.ge/2025/08/21/JJMUqM.Carlos-S.jpeg,https://i.im.ge/2025/08/21/JJM83x.Carlos-S.jpeg
Jack Doohan,7,DOO,Alpine,https://i.im.ge/2025/08/21/JJMikD.Franco-Colapinto.jpeg,https://i.im.ge/2025/08/21/JJMVzS.Franco-Colapinto.jpeg
Isack Hadjar,6,HAD,Racing Bulls,https://i.im.ge/2025/08/21/JJMjRq.Isak-Had.jpeg,https://i.im.ge/2025/08/21/JJMHWF.Isak-Had.jpeg
